{"5": {"rotation": {"x": 118.15359081257014, "y": 4.590915024484572, "z": 2.293483105280927}, "translation": {"x": 0.27914719539245175, "y": 1.284579764123978, "z": 3.735615002246537}, "quat": {"x": 0.8565848902644062, "y": 0.03773302538739431, "z": -0.02407625094745949, "w": 0.5140611624176098}, "id": 5}, "7": {"rotation": {"x": -151.68868493396403, "y": 4.989357048671609, "z": 2.1334565020079093}, "translation": {"x": 0.9426532494892382, "y": -2.6260920009515973, "z": 7.971138059004566}, "quat": {"x": 0.9687462395338776, "y": 0.007391543330111283, "z": -0.04674616015230183, "w": -0.24349719708281173}, "id": 7}}