{"5": {"rotation": {"x": -128.4553797170023, "y": -13.255230679837606, "z": -176.0772560651277}, "translation": {"x": -1.2623103364693606, "y": 1.3309664690067482, "z": 3.6083043672368644}, "quat": {"x": -0.08076825085929548, "y": 0.8922694009520312, "z": -0.43519454244532163, "w": -0.08909273822057695}, "id": 5}, "12": {"rotation": {"x": -141.91694700128235, "y": 11.770778854963474, "z": 1.3784158527080241}, "translation": {"x": -0.02676685575843434, "y": -2.0185168603938486, "z": 4.317214686288185}, "quat": {"x": 0.9406341526154348, "y": -0.022140690083708253, "z": -0.10082488837651452, "w": -0.32334427884210903}, "id": 12}, "16": {"rotation": {"x": -136.80510735009403, "y": 10.144133615723188, "z": 4.6315359556517794}, "translation": {"x": 2.0344076675725637, "y": -2.090666870988911, "z": 4.083140861811075}, "quat": {"x": 0.9267106190647458, "y": 0.004907647267418104, "z": -0.09694945059353836, "w": -0.36302086378133314}, "id": 16}, "18": {"rotation": {"x": -141.86573075845365, "y": 10.767103775770574, "z": 2.324315519061838}, "translation": {"x": -2.560180512438325, "y": -0.5440714827298989, "z": 4.714656364088622}, "quat": {"x": 0.9413954751065774, "y": -0.011558455987566217, "z": -0.09525327484482626, "w": -0.32336940977059175}, "id": 18}, "13": {"rotation": {"x": -141.055986931023, "y": 13.261035308517716, "z": 3.9118347886380453}, "translation": {"x": 0.7517865485881969, "y": -0.9071069158221063, "z": 4.980907703227771}, "quat": {"x": 0.9372665056461674, "y": -0.006504590146282167, "z": -0.12009985953233443, "w": -0.3272082080895365}, "id": 13}, "11": {"rotation": {"x": -142.65937764403952, "y": 16.691962045231932, "z": 7.924237363517976}, "translation": {"x": -5.490625942295176, "y": -1.4215830655603707, "z": 6.546532320795251}, "quat": {"x": 0.9383135577406437, "y": 0.018412766068301625, "z": -0.15906846058516566, "w": -0.3064732651519139}, "id": 11}, "6": {"rotation": {"x": -141.63971389142674, "y": 13.135211870112379, "z": 4.352098758891877}, "translation": {"x": -0.6728674990680015, "y": -1.688188747211841, "z": 5.912915357102046}, "quat": {"x": 0.939042327837386, "y": -0.0019227079745166127, "z": -0.12034145108455634, "w": -0.3220461843814509}, "id": 6}, "15": {"rotation": {"x": -140.96346656052552, "y": 13.499026420827384, "z": 6.281188937031375}, "translation": {"x": -2.4700765916146277, "y": -1.7753387312710798, "z": 5.33157710396641}, "quat": {"x": 0.9367482699923891, "y": 0.012071782115932333, "z": -0.1287864246370863, "w": -0.3252245494608418}, "id": 15}, "17": {"rotation": {"x": -137.47608968785175, "y": 14.96819505169191, "z": 4.741617931195048}, "translation": {"x": 3.825153369544798, "y": -1.2778975867419742, "z": 3.669910353036315}, "quat": {"x": 0.9251561146502129, "y": -0.008970350808209612, "z": -0.13615430058502143, "w": -0.3542142046331619}, "id": 17}, "10": {"rotation": {"x": -142.05785503452358, "y": 16.578240530120727, "z": 4.941246161446505}, "translation": {"x": -6.250568276218542, "y": -2.563978268714076, "z": 5.901842260411334}, "quat": {"x": 0.9369539170082591, "y": -0.006484397786897156, "z": -0.15007808888156596, "w": -0.3155184261273472}, "id": 10}, "14": {"rotation": {"x": -140.31712949629988, "y": 11.790793342167374, "z": 6.74999939149093}, "translation": {"x": -4.4708280122834525, "y": -2.524654564321312, "z": 5.421018141092059}, "quat": {"x": 0.9360901862933739, "y": 0.020281013495867826, "z": -0.11632371427500143, "w": -0.3313497202565361}, "id": 14}}