{"18": {"rotation": {"x": -140.45956599864454, "y": 34.61851876148579, "z": 11.355420250323602}, "translation": {"x": 1.3015211510822013, "y": -0.9892487321170471, "z": 6.209092205429356}, "quat": {"x": 0.9039876795376564, "y": -0.011260240472563382, "z": -0.31056657688200057, "w": -0.29364584715677505}, "id": 18}, "9": {"rotation": {"x": -46.750640693713, "y": 40.55913456412347, "z": 134.78673021879513}, "translation": {"x": 3.90591833258442, "y": 0.6851907294081436, "z": 3.607727648985885}, "quat": {"x": -0.43676764149607405, "y": -0.2212651784948332, "z": 0.8477305102332053, "w": 0.2040311989558358}, "id": 9}, "11": {"rotation": {"x": -138.62931155208605, "y": 32.48444293856379, "z": 11.155953884252934}, "translation": {"x": 4.76223293779743, "y": -1.7364075699314634, "z": 5.175644331298621}, "quat": {"x": 0.9035454575983582, "y": -0.011026793007000166, "z": -0.29339294705571195, "w": -0.3120970914752627}, "id": 11}, "5": {"rotation": {"x": -129.1591907830045, "y": -34.95713964965239, "z": -168.05246368432748}, "translation": {"x": 0.6683880857313406, "y": 0.9162145825503115, "z": 4.985221140162723}, "quat": {"x": -0.21788388465729402, "y": 0.8433859889589781, "z": -0.43544627303697153, "w": -0.22718545229073223}, "id": 5}, "8": {"rotation": {"x": -136.56934644096305, "y": -39.80070993432735, "z": -43.80413548620329}, "translation": {"x": -2.398638975959153, "y": -1.0265023565232836, "z": 6.8050663966232525}, "quat": {"x": 0.857485069963329, "y": -0.20900454604088928, "z": 0.42317952180413726, "w": -0.20483053202549759}, "id": 8}, "6": {"rotation": {"x": -142.72442966457913, "y": 31.824872080366443, "z": 10.677647402156529}, "translation": {"x": 3.7263632939443796, "y": -1.1606695267554827, "z": 6.575238594577848}, "quat": {"x": 0.9154486652577901, "y": -0.0024522360044934113, "z": -0.28725938573842297, "w": -0.28183288154772296}, "id": 6}, "10": {"rotation": {"x": -141.79632831863523, "y": 34.35723788925257, "z": 10.374735236656504}, "translation": {"x": -0.4721359282086018, "y": -3.5531637987635687, "z": 8.184286726569686}, "quat": {"x": 0.9078246761869143, "y": -0.014634030992089755, "z": -0.30621353263245993, "w": -0.28613541352967153}, "id": 10}, "15": {"rotation": {"x": -140.79478713582267, "y": 30.71524123257674, "z": 8.888257595506133}, "translation": {"x": 3.2764772424778488, "y": -2.5135394872769985, "z": 5.34903236722458}, "quat": {"x": 0.912557073486792, "y": -0.018196797154027774, "z": -0.273811231930065, "w": -0.30320928988323737}, "id": 15}, "14": {"rotation": {"x": -141.57045526887097, "y": 32.35168008778315, "z": 11.601262248492937}, "translation": {"x": 1.2538385252612154, "y": -3.2584582755838123, "z": 6.484724941146112}, "quat": {"x": 0.9115308867757043, "y": 0.0004426694478792724, "z": -0.2936649885091666, "w": -0.28787518305954946}, "id": 14}}