{"5": {"rotation": {"x": 151.07322078567884, "y": -35.15698098380152, "z": -29.661944656479193}, "translation": {"x": -0.6401155867028017, "y": -0.6862048886582166, "z": 5.42451615282014}, "quat": {"x": 0.8730308816093908, "y": -0.30920016005736733, "z": 0.22175220149183744, "w": 0.30502180563092857}, "id": 5}, "8": {"rotation": {"x": -129.91547909750693, "y": 21.58453202267964, "z": 41.44951077007772}, "translation": {"x": 2.6808930935716324, "y": -2.795103060345279, "z": 6.595187851766105}, "quat": {"x": 0.8604305189002135, "y": 0.2408109816890183, "z": -0.305811731504417, "w": -0.3288595112161894}, "id": 8}, "15": {"rotation": {"x": -61.384981864731905, "y": 34.82000358916911, "z": 150.49470495289845}, "translation": {"x": 1.4941436212456065, "y": 0.6506281688771223, "z": 2.066940148855501}, "quat": {"x": -0.37283697410582806, "y": -0.4054714730656258, "z": 0.8323661555374416, "w": 0.06125404791049503}, "id": 15}, "7": {"rotation": {"x": -118.09771598584929, "y": -35.5393017266969, "z": -31.280235630493856}, "translation": {"x": -2.0249656922731307, "y": -3.2801341545115843, "z": 6.951785297261585}, "quat": {"x": 0.8287680262795216, "y": -0.0690249094826537, "z": 0.38408180498158045, "w": -0.40107391783778323}, "id": 7}}