{"8": {"rotation": {"x": -51.65094532301465, "y": 53.348953075427346, "z": 132.11279484821958}, "translation": {"x": 2.575642294922919, "y": 0.38829733432382424, "z": 2.8618500865885337}, "quat": {"x": -0.5272910238352885, "y": -0.19177665781191774, "z": 0.8144773547797772, "w": 0.14769065052385938}, "id": 8}, "5": {"rotation": {"x": 120.1663072268527, "y": 20.24340296505992, "z": 7.782702061188498}, "translation": {"x": -0.03887483115127427, "y": -0.5403929688093082, "z": 6.913798647038501}, "quat": {"x": 0.8453452166875602, "y": 0.14535302388852175, "z": -0.1186509160100201, "w": 0.5001858886453197}, "id": 5}, "9": {"rotation": {"x": -130.76621128824826, "y": -53.20226581563846, "z": -50.14461423683278}, "translation": {"x": -4.448466042419679, "y": -1.0116793476825985, "z": 7.752595285458617}, "quat": {"x": 0.8153252877220725, "y": -0.17552143971492312, "z": 0.5265544735692952, "w": -0.16485534800388751}, "id": 9}, "7": {"rotation": {"x": -150.88681275296616, "y": 19.229776448255993, "z": 6.354905118098297}, "translation": {"x": 1.5167484495342964, "y": -3.4301610744872977, "z": 9.538057922953422}, "quat": {"x": 0.9551632119955789, "y": 0.01098081816334225, "z": -0.1751504054578398, "w": -0.2384638244067788}, "id": 7}}