{"5": {"rotation": {"x": 126.26880753587308, "y": 10.904115755770526, "z": 2.018719772048832}, "translation": {"x": -1.1120924413329327, "y": 0.7112519499002815, "z": 4.707260856547059}, "quat": {"x": 0.8871392116693636, "y": 0.058572917496082115, "z": -0.07682032043788231, "w": 0.4512780415912991}, "id": 5}, "8": {"rotation": {"x": -72.1145739636526, "y": 52.47728942323682, "z": 107.09919794464385}, "translation": {"x": 2.1688372977403896, "y": 0.3975826523020107, "z": 2.725609243004779}, "quat": {"x": -0.601161068199263, "y": -0.2123142501285146, "z": 0.7378787261482155, "w": 0.22150172634039322}, "id": 8}, "9": {"rotation": {"x": -105.46569793699899, "y": -52.61131578980706, "z": -78.0922472822874}, "translation": {"x": -5.0675955586894395, "y": -0.5738332636062934, "z": 5.059455119895468}, "quat": {"x": 0.7231046944992332, "y": -0.2409990283351317, "z": 0.6158520338302014, "w": -0.1994124909876446}, "id": 9}, "7": {"rotation": {"x": -145.0931847964841, "y": 10.573702987168646, "z": 0.7221297229307717}, "translation": {"x": -0.9945363868891824, "y": -1.0908872105766443, "z": 6.534779326873367}, "quat": {"x": 0.950058185773484, "y": -0.021649608677309484, "z": -0.08978025995770794, "w": -0.2980943525309428}, "id": 7}}