{"5": {"rotation": {"x": -124.7648491316837, "y": 24.491957086680085, "z": 167.0183026082523}, "translation": {"x": 0.637807767727536, "y": -0.12111621394348043, "z": 5.461510452872072}, "quat": {"x": 0.19558191515923187, "y": 0.8492341692192682, "z": -0.4713617154152302, "w": 0.13552554568758604}, "id": 5}, "9": {"rotation": {"x": -132.1337989667542, "y": 48.073893096769794, "z": 47.47572351345369}, "translation": {"x": 4.3062231231771175, "y": -1.5903595683312763, "z": 7.689500601081032}, "quat": {"x": 0.8306531017973974, "y": 0.18477455764329956, "z": -0.48994786735772655, "w": -0.18927460102639607}, "id": 9}, "18": {"rotation": {"x": -144.80339449431338, "y": -26.529809501839935, "z": -13.8945017521874}, "translation": {"x": -2.101741685155109, "y": -2.4174454714924813, "z": 7.421955593859528}, "quat": {"x": 0.9293472342413626, "y": -0.04335460006788132, "z": 0.25270344847215137, "w": -0.26565967701397003}, "id": 18}, "8": {"rotation": {"x": -53.11331765383439, "y": -47.806752801892955, "z": -131.5047284852788}, "translation": {"x": -4.131877492964472, "y": -1.7287056020242013, "z": 5.4938452032854626}, "quat": {"x": 0.49832951267738146, "y": -0.22382810722019097, "z": 0.8200247378478158, "w": -0.17066957705042535}, "id": 8}, "6": {"rotation": {"x": -145.00528606436635, "y": -24.191161182308694, "z": -11.291982576870783}, "translation": {"x": -1.5350538124301107, "y": -3.4460842648927623, "z": 9.926352211524495}, "quat": {"x": 0.9342315661722, "y": -0.0290506364325248, "z": 0.2278011870827236, "w": -0.27289935957053013}, "id": 6}, "15": {"rotation": {"x": -144.78682018291366, "y": -23.90500505068749, "z": -10.263812482005337}, "translation": {"x": 0.484039645780525, "y": -4.224725574434131, "z": 9.867363756418994}, "quat": {"x": 0.9343565434276132, "y": -0.021017725974655975, "z": 0.2230778830724076, "w": -0.27707826156663806}, "id": 15}, "14": {"rotation": {"x": -143.9733461859544, "y": -25.661202396378172, "z": -11.034844911287172}, "translation": {"x": -1.529769448698937, "y": -4.581012556719278, "z": 8.398951203381971}, "quat": {"x": 0.9295462137112548, "y": -0.020798459663664275, "z": 0.2391964231514693, "w": -0.2798148169812176}, "id": 14}, "11": {"rotation": {"x": -144.33968157015104, "y": -24.787435618478867, "z": -11.489897439848049}, "translation": {"x": 0.04146712376222565, "y": -3.7767031918179184, "z": 10.256627213302432}, "quat": {"x": 0.9316919600516863, "y": -0.027683325732140305, "z": 0.23322915253084772, "w": -0.2771062746694812}, "id": 11}, "10": {"rotation": {"x": -142.04007022680628, "y": -25.444828575139503, "z": -13.395682486014907}, "translation": {"x": -3.273994762095734, "y": -4.463775548793742, "z": 7.922822525881107}, "quat": {"x": 0.9244742087302115, "y": -0.03644689477962293, "z": 0.24383542811616954, "w": -0.2907977738033371}, "id": 10}, "147": {"rotation": {"x": 138.3949686715867, "y": 37.08229615738028, "z": 156.76475782592664}, "translation": {"x": 8.222321878950199, "y": -10.301816740196601, "z": 17.785279818951782}, "quat": {"x": 0.06786183458064755, "y": 0.8908743229238926, "z": 0.2699548926646488, "w": 0.3589736314670795}, "id": 147}}