{"5": {"rotation": {"x": -120.71522329313886, "y": 19.048783001272234, "z": 170.69573835992773}, "translation": {"x": 0.0028468896575142835, "y": 1.597344011629052, "z": 4.08033597058697}, "quat": {"x": 0.15108784118531995, "y": 0.847687140958144, "z": -0.49782435548708365, "w": 0.1037780631156566}, "id": 5}, "113": {"rotation": {"x": -47.11499438882649, "y": -73.72343005947505, "z": 140.0700427059084}, "translation": {"x": -1.8847357324062863, "y": 3.5439578483089185, "z": 5.995565416037889}, "quat": {"x": 0.40765937788365675, "y": -0.48830979400107577, "z": 0.6074659057512217, "w": 0.47576522577420965}, "id": 113}, "9": {"rotation": {"x": -129.65589165340697, "y": 54.29073058679179, "z": 46.09219652284634}, "translation": {"x": 2.8329432368929717, "y": 0.3118317214551795, "z": 5.989805598372073}, "quat": {"x": 0.8170412270697924, "y": 0.13669803002889977, "z": -0.5281336878516011, "w": -0.18663357042818793}, "id": 9}, "6": {"rotation": {"x": -151.37532849922354, "y": -21.82274686543772, "z": -9.95869514532115}, "translation": {"x": -1.4365673345735834, "y": 0.102053852682494, "z": 6.229017987541114}, "quat": {"x": 0.9519156674301064, "y": -0.03596480322498899, "z": 0.20379194973431702, "w": -0.22590249280069602}, "id": 6}, "18": {"rotation": {"x": -149.8705206253261, "y": -22.26732505542088, "z": -9.584808144528797}, "translation": {"x": 1.3316980196055699, "y": 0.0005974373050037341, "z": 5.220410092484627}, "quat": {"x": 0.948339608097039, "y": -0.029143335374699934, "z": 0.20711603987771754, "w": -0.23854894622061096}, "id": 18}, "126": {"rotation": {"x": 129.10042397604687, "y": -45.42087038399808, "z": -18.522914246259134}, "translation": {"x": 4.680355218903451, "y": -0.8915219371901, "z": 5.894588998595777}, "quat": {"x": 0.7953948202286685, "y": -0.29779651819239006, "z": 0.2802688375757592, "w": 0.44734068939660127}, "id": 126}, "15": {"rotation": {"x": -150.65633123215406, "y": -20.726375578048376, "z": -8.821346176176522}, "translation": {"x": -0.3827263900485518, "y": -1.2713082477842848, "z": 5.679002386389377}, "quat": {"x": 0.952297252415278, "y": -0.027756133574021784, "z": 0.19266697546168185, "w": -0.23502973568844712}, "id": 15}, "14": {"rotation": {"x": -147.89375399627522, "y": -23.21977438976729, "z": -11.193240816760685}, "translation": {"x": -2.543578905329518, "y": -1.59821991006699, "z": 4.4577499577053175}, "quat": {"x": 0.9422840880111382, "y": -0.03641858233058294, "z": 0.21889403545208008, "w": -0.2507185385757336}, "id": 14}, "11": {"rotation": {"x": -151.23831397358754, "y": -20.133187224706084, "z": -9.928318897166484}, "translation": {"x": 1.095616917432529, "y": -0.7824572729122014, "z": 7.064170617268566}, "quat": {"x": 0.9539329833520158, "y": -0.03928105223175375, "z": 0.18984156235798919, "w": -0.2289738924204388}, "id": 11}, "10": {"rotation": {"x": -148.80170075648337, "y": -23.52942723544017, "z": -12.349804818654174}, "translation": {"x": -2.625622900543854, "y": -1.8253242246832289, "z": 4.687991644870617}, "quat": {"x": 0.9433602355251546, "y": -0.04691567749160149, "z": 0.2235606035665222, "w": -0.2406055730202467}, "id": 10}}