{"14": {"rotation": {"x": -139.67444555051296, "y": -0.0844622707259159, "z": 2.3327272614490724}, "translation": {"x": -1.6990925321021846, "y": -2.753380624749534, "z": 4.915992996951827}, "quat": {"x": 0.9385172278723545, "y": 0.019362040341661103, "z": -0.006324537273395948, "w": -0.3446309977481372}, "id": 14}, "9": {"rotation": {"x": -90.1850094806885, "y": 49.03229937474994, "z": 94.28477551156485}, "translation": {"x": 2.6424369671925967, "y": 0.17404677573845048, "z": 3.0950989834535814}, "quat": {"x": -0.6530420942102901, "y": -0.27312002791818835, "z": 0.6707442653854859, "w": 0.22145790568839746}, "id": 9}, "8": {"rotation": {"x": -91.73861617269844, "y": -48.66554953260218, "z": -85.46757527846039}, "translation": {"x": -4.833652032807185, "y": -0.9256186811380439, "z": 4.286727737571545}, "quat": {"x": 0.6750557867104896, "y": -0.23306379906095775, "z": 0.6477543374079768, "w": -0.2653210673224205}, "id": 8}, "5": {"rotation": {"x": -131.85336554752894, "y": -2.6451616229078736, "z": -178.0414031754185}, "translation": {"x": -1.1986820495038624, "y": 0.8352493056771494, "z": 4.059331547440178}, "quat": {"x": -0.025014102340665003, "y": 0.912486762257578, "z": -0.40809724858639584, "w": -0.014101031344792691}, "id": 5}, "6": {"rotation": {"x": -141.38908659363537, "y": 0.5775091745327762, "z": 2.0598030202011484}, "translation": {"x": -0.43814759156345917, "y": -1.4492896301703728, "z": 6.232229291461118}, "quat": {"x": 0.943634969200103, "y": 0.015297413693909277, "z": -0.010697817096644, "w": -0.33046117887940263}, "id": 6}, "15": {"rotation": {"x": -137.3503136893131, "y": 0.3308233485796891, "z": 3.846646024724503}, "translation": {"x": 0.6647935873828525, "y": -2.3720861456089413, "z": 4.9534422670786595}, "quat": {"x": 0.931040200159557, "y": 0.03021474406539284, "z": -0.014892748205221558, "w": -0.36335852952533054}, "id": 15}, "11": {"rotation": {"x": -138.2945821969256, "y": 2.001368420707629, "z": 2.426435702069913}, "translation": {"x": 0.7343141874692541, "y": -1.6591603769038905, "z": 5.927211732793609}, "quat": {"x": 0.9342782473207244, "y": 0.01356784698802925, "z": -0.02385250688183629, "w": -0.35548716998912444}, "id": 11}, "18": {"rotation": {"x": -139.32823896810496, "y": 3.770909503168397, "z": -0.3094293380903236}, "translation": {"x": -4.131820125888384, "y": -1.0173817041995683, "z": 4.740575312068129}, "quat": {"x": 0.9371295416662251, "y": -0.013964569879591712, "z": -0.02991274312144481, "w": -0.3474168112274925}, "id": 18}, "10": {"rotation": {"x": -141.1944307583635, "y": 1.6028117087323988, "z": 2.8811456478385913}, "translation": {"x": -3.9828988898801665, "y": -3.1471756890635203, "z": 5.095596624758189}, "quat": {"x": 0.9429329805779969, "y": 0.01906496149576668, "z": -0.02153908705711608, "w": -0.33173783189471434}, "id": 10}}