{"9": {"rotation": {"x": -76.09964375093583, "y": -57.017583345784146, "z": -102.95467182948447}, "translation": {"x": -2.0810585202954877, "y": 1.6361238967879488, "z": 3.1510176208820884}, "quat": {"x": 0.6313842644910755, "y": -0.18964282426323995, "z": 0.7246070473082514, "w": -0.20083360463264832}, "id": 9}, "8": {"rotation": {"x": -106.60199871362825, "y": 54.142407972512885, "z": 69.93060558834733}, "translation": {"x": 5.777219279912052, "y": 1.5556170824163127, "z": 4.668113175241639}, "quat": {"x": 0.7409377147595978, "y": 0.1862667662079073, "z": -0.6039854346577711, "w": -0.22697486507218548}, "id": 8}, "5": {"rotation": {"x": 119.00639505203081, "y": -5.561508820936516, "z": 1.2270707217344086}, "translation": {"x": 1.3645826191727835, "y": 1.2529978898844882, "z": 4.351079888119921}, "quat": {"x": 0.8608571668357603, "y": -0.015403338017251982, "z": 0.04722809727375753, "w": 0.506416017038694}, "id": 5}, "7": {"rotation": {"x": -149.3002230441398, "y": -6.924769912523235, "z": -0.2501688326233318}, "translation": {"x": 1.6572527465950888, "y": -0.5744188044714919, "z": 6.52955094024885}, "quat": {"x": 0.9625996782212363, "y": 0.013885415128122353, "z": 0.05881556376685068, "w": -0.26410184435910267}, "id": 7}}