{"rotation": {"x": -118.05535125340113, "y": 0.14052031862284253, "z": 5.128899423257117}, "translation": {"x": -0.030268365101038572, "y": -2.7060279322203598, "z": 2.8912600070244494}, "quat": {"x": 0.8565848902644062, "y": 0.03773302538739418, "z": -0.024076250947459802, "w": -0.51406116241761}}