{"rotation": {"x": -127.42563915209348, "y": 5.088227777588161, "z": -167.14076984071139}, "translation": {"x": -1.9645197729259096, "y": 1.661082528860445, "z": 3.125096226981825}, "quat": {"x": -0.08076825085929568, "y": 0.8922694009520317, "z": -0.4351945424453207, "w": 0.08909273822057694}}