{"rotation": {"x": -136.895944714071, "y": -11.453200350620163, "z": -43.54140386252959}, "translation": {"x": -2.9464134209471307, "y": -3.0046440231256417, "z": 3.5491918591311675}, "quat": {"x": 0.8730308816093909, "y": -0.3092001600573673, "z": 0.22175220149183764, "w": -0.3050218056309281}}