{"rotation": {"x": -121.83750048587186, "y": 11.154576761191677, "z": -144.8120262464423}, "translation": {"x": -2.164967573054762, "y": 3.0642203013055433, "z": 3.4730521106714094}, "quat": {"x": -0.21788388465729372, "y": 0.843385988958978, "z": -0.4354462730369715, "w": 0.2271854522907331}}