{"rotation": {"x": -118.92537427109227, "y": -3.7677522463013444, "z": -4.273375080719928}, "translation": {"x": -1.8062358813116974, "y": -3.076206908326134, "z": 3.1045850975023717}, "quat": {"x": 0.8608571668357603, "y": -0.015403338017251786, "z": 0.04722809727375762, "w": -0.506416017038694}}