{"rotation": {"x": -118.87885419290228, "y": -1.4619025745788738, "z": 158.9247369933242}, "translation": {"x": 1.0902549710435383, "y": 2.582137858231205, "z": 3.3681695040983093}, "quat": {"x": 0.15108784118532015, "y": 0.8476871409581437, "z": -0.4978243554870841, "w": -0.10377806311565525}}