{"rotation": {"x": -131.79942716377514, "y": 0.30467954662636537, "z": -176.72318338116577}, "translation": {"x": -1.3555288611931953, "y": 2.3958818187379265, "z": 3.3218886928362537}, "quat": {"x": -0.025014102340665083, "y": 0.9124867622575783, "z": -0.4080972485863949, "w": 0.014101031344792027}}