{"rotation": {"x": -121.29517535429895, "y": -2.6254202699416167, "z": 152.5847483925057}, "translation": {"x": 2.85449630502358, "y": 3.8475865432407867, "z": 2.7013872268824435}, "quat": {"x": 0.19558191515923182, "y": 0.8492341692192676, "z": -0.4713617154152311, "w": -0.1355255456875856}}