{"rotation": {"x": -125.6566325548301, "y": 4.786097516722086, "z": 10.01264870488874}, "translation": {"x": 1.9571894681410364, "y": -3.117350200976947, "z": 3.217524193109818}, "quat": {"x": 0.88713929247069, "y": 0.058572773883976165, "z": -0.0768206522051506, "w": -0.45127784491254963}}