{"rotation": {"x": -118.17667075537287, "y": 3.164043071046405, "z": 21.40748414452388}, "translation": {"x": 2.4970323603357003, "y": -5.841238630269661, "z": 2.781889322153002}, "quat": {"x": 0.8453452166875601, "y": 0.14535302388852137, "z": -0.11865091601001938, "w": -0.5001858886453198}}